id,player_fifa_api_id,player_api_id,date,potential,preferred_foot,attacking_work_rate,defensive_work_rate,crossing,finishing,heading_accuracy,short_passing,volleys,dribbling,curve,free_kick_accuracy,long_passing,ball_control,acceleration,sprint_speed,agility,reactions,balance,shot_power,jumping,stamina,strength,long_shots,aggression,interceptions,positioning,vision,penalties,marking,standing_tackle,sliding_tackle,gk_diving,gk_handling,gk_kicking,gk_positioning,gk_reflexes
1,218353,505942,2016-02-18 00:00:00,71.0,right,medium,medium,49.0,44.0,71.0,61.0,44.0,51.0,45.0,39.0,64.0,49.0,60.0,64.0,59.0,47.0,65.0,55.0,58.0,54.0,76.0,35.0,71.0,70.0,45.0,54.0,48.0,65.0,69.0,69.0,6.0,11.0,10.0,8.0,8.0
2,218354,505942,2015-11-19 00:00:00,71.0,right,medium,medium,49.0,44.0,71.0,61.0,44.0,51.0,45.0,39.0,64.0,49.0,60.0,64.0,59.0,47.0,65.0,55.0,58.0,54.0,76.0,35.0,71.0,70.0,45.0,54.0,48.0,65.0,69.0,69.0,6.0,11.0,10.0,8.0,8.0
3,218355,505942,2015-09-21 00:00:00,66.0,right,medium,medium,49.0,44.0,71.0,61.0,44.0,51.0,45.0,39.0,64.0,49.0,60.0,64.0,59.0,47.0,65.0,55.0,58.0,54.0,76.0,35.0,63.0,41.0,45.0,54.0,48.0,65.0,66.0,69.0,6.0,11.0,10.0,8.0,8.0
4,218356,505942,2015-03-20 00:00:00,65.0,right,medium,medium,48.0,43.0,70.0,60.0,43.0,50.0,44.0,38.0,63.0,48.0,60.0,64.0,59.0,46.0,65.0,54.0,58.0,54.0,76.0,34.0,62.0,40.0,44.0,53.0,47.0,62.0,63.0,66.0,5.0,10.0,9.0,7.0,7.0
5,218357,505942,2007-02-22 00:00:00,65.0,right,medium,medium,48.0,43.0,70.0,60.0,43.0,50.0,44.0,38.0,63.0,48.0,60.0,64.0,59.0,46.0,65.0,54.0,58.0,54.0,76.0,34.0,62.0,40.0,44.0,53.0,47.0,62.0,63.0,66.0,5.0,10.0,9.0,7.0,7.0
